Type,Fabriquant,Modèle
PC portable,DELL,Latitude 5490
PC Fixe,Apple,MAC MINI
GPS,,
PC portable,DELL,Latitude 5490
PC portable,DELL,Latitude 7390
PC Fixe,DELL,Optiplex 7060
PC portable,Apple,MAC BOOK PRO
PC portable,DELL,Latitude 7390
PC portable,DELL,Latitude 5590
PC portable,DELL,Latitude 5590
Drone,DJI,MAVIC2
Drone,DJI,MAVIC2
PC portable,Apple,MAC BOOK AIR
PC portable,DELL,Latitude 5490
Tablette,Apple,IPAD PRO
PC portable,DELL,Latitude 5490
PC portable,DELL,Latitude 5490
PC portable,DELL,Latitude 5490
PC portable,DELL,Precision Mobile 7530
PC portable,Apple,MAC BOOK PRO
PC portable,Apple,MAC BOOK PRO
PC Fixe,Apple,MAC MINI
Drone,DJI,MAVIC
PC portable,DELL,Precision Mobile 3530
PC portable,DELL,Precision Mobile 3530
PC portable,DELL,Precision Mobile 3530
PC portable,DELL,Precision Mobile 5530
PC portable,DELL,Precision Mobile 3530
Ecran,Samsung,
PC portable,DELL,Latitude 5500
PC portable,DELL,Latitude 5500
PC portable,DELL,Latitude 5500
PC portable,DELL,Precision Mobile 5530
PC portable,DELL,Precision Mobile 7530
PC portable,DELL,Precision 5820
PC portable,DELL,Latitude 5500
PC portable,DELL,Precision Mobile 5540
PC portable,DELL,Latitude 5500
PC portable,LENOVO,Thinkpad E490
PC portable,LENOVO,Thinkpad E490
PC portable,LENOVO,Thinkpad E490
PC portable,LENOVO,Thinkpad E490
PC portable,DELL,Latitude 7390
PC portable,Apple,MAC BOOK PRO 13inch
Serveur,DELL,NetShelter
Autre,ASUS,Z10PE-D8 WS INTEL XEON
Capteur de pression,LTC,Levelogger Edge
PC portable,DELL,Latitude 5490
PC Fixe,Apple,IMac 27inch Retina 5K
PC portable,DELL,Latitude 5490
PC portable,DELL,XPS 13
Ecran,LG,27MD5KL-B
Tablette,DELL,Latitude 3390
PC portable,DELL,Latitude 7400
PC portable,DELL,XPS 13 7390
PC portable,Apple,MAC BOOK AIR
Smartphone,Apple,Iphone XR 128Go
PC portable,DELL,Latitude 5290
PC portable,Apple,MAC BOOK
Serveur,EATON,Ondulateur
PC portable,DELL,Latitude 3400
Tablette,Apple,IPAD MINI
PC portable,DELL,Latitude 5500
PC portable,DELL,Precision Mobile 5540
Serveur,DELL,PowerEdge
PC Fixe,DELL,Precision 7820
Autre,Nikon,Kit flash
Autre,BlueRobotics,Bluerov2- drone sous marin
Autre,Blueprint Subsea,Transpondeur Seatrac X010
PC portable,DELL,Precision M
Serveur,DELL,PowerEdge R640
PC portable,Apple,MAC BOOK PRO 13inch
PC portable,DELL,Latitude D
PC Fixe,DELL,3541 XCTO BASE
Autre,Sony,Hybryde Sony Alpha A7
PC portable,DELL,Latitude 5590
PC Fixe,DELL,Optiplex 7060 MT
Autre,Knick,Conductimètre Knick 703
PC Fixe,DELL,Optiplex 70
PC portable,Apple,inchMacBook Air 13inchinch Core i5
